,date,user,0
0,2024-09-01 00:00:00+00:00,101.19.14.117,30
1,2024-09-01 00:00:00+00:00,105.201.119.163,32
2,2024-09-01 00:00:00+00:00,113.234.230.213,26
3,2024-09-01 00:00:00+00:00,117.205.11.96,22
4,2024-09-01 00:00:00+00:00,117.67.231.215,20
5,2024-09-01 00:00:00+00:00,119.162.24.70,27
6,2024-09-01 00:00:00+00:00,12.18.20.54,23
7,2024-09-01 00:00:00+00:00,125.104.97.151,24
8,2024-09-01 00:00:00+00:00,126.52.130.131,16
9,2024-09-01 00:00:00+00:00,128.178.37.5,21
10,2024-09-01 00:00:00+00:00,131.116.239.118,23
11,2024-09-01 00:00:00+00:00,132.97.220.47,23
12,2024-09-01 00:00:00+00:00,134.94.209.251,31
13,2024-09-01 00:00:00+00:00,135.153.214.165,25
14,2024-09-01 00:00:00+00:00,135.212.121.38,30
15,2024-09-01 00:00:00+00:00,138.196.176.115,23
16,2024-09-01 00:00:00+00:00,142.20.118.132,22
17,2024-09-01 00:00:00+00:00,142.220.63.85,14
18,2024-09-01 00:00:00+00:00,143.215.47.79,19
19,2024-09-01 00:00:00+00:00,149.150.89.38,22
20,2024-09-01 00:00:00+00:00,151.138.196.178,23
21,2024-09-01 00:00:00+00:00,156.75.115.157,23
22,2024-09-01 00:00:00+00:00,17.214.46.12,25
23,2024-09-01 00:00:00+00:00,170.122.28.85,21
24,2024-09-01 00:00:00+00:00,179.16.60.16,27
25,2024-09-01 00:00:00+00:00,18.127.196.137,22
26,2024-09-01 00:00:00+00:00,182.76.197.12,24
27,2024-09-01 00:00:00+00:00,187.216.16.157,19
28,2024-09-01 00:00:00+00:00,192.93.136.26,23
29,2024-09-01 00:00:00+00:00,193.117.206.255,27
30,2024-09-01 00:00:00+00:00,194.89.80.172,24
31,2024-09-01 00:00:00+00:00,197.21.185.242,22
32,2024-09-01 00:00:00+00:00,198.129.6.56,26
33,2024-09-01 00:00:00+00:00,199.194.194.110,25
34,2024-09-01 00:00:00+00:00,20.103.237.177,28
35,2024-09-01 00:00:00+00:00,20.15.91.92,17
36,2024-09-01 00:00:00+00:00,202.212.213.21,16
37,2024-09-01 00:00:00+00:00,205.224.189.97,28
38,2024-09-01 00:00:00+00:00,209.32.132.12,26
39,2024-09-01 00:00:00+00:00,211.240.168.84,18
40,2024-09-01 00:00:00+00:00,212.178.131.108,26
41,2024-09-01 00:00:00+00:00,217.103.104.145,21
42,2024-09-01 00:00:00+00:00,217.215.211.151,27
43,2024-09-01 00:00:00+00:00,218.213.158.15,29
44,2024-09-01 00:00:00+00:00,218.225.23.194,17
45,2024-09-01 00:00:00+00:00,218.81.99.69,26
46,2024-09-01 00:00:00+00:00,220.29.113.98,28
47,2024-09-01 00:00:00+00:00,222.90.187.82,16
48,2024-09-01 00:00:00+00:00,223.155.119.56,22
49,2024-09-01 00:00:00+00:00,23.130.6.226,13
50,2024-09-01 00:00:00+00:00,27.234.106.51,25
51,2024-09-01 00:00:00+00:00,28.240.89.240,24
52,2024-09-01 00:00:00+00:00,3.232.188.203,31
53,2024-09-01 00:00:00+00:00,38.106.131.139,23
54,2024-09-01 00:00:00+00:00,38.27.244.107,27
55,2024-09-01 00:00:00+00:00,42.96.28.117,19
56,2024-09-01 00:00:00+00:00,47.135.32.70,24
57,2024-09-01 00:00:00+00:00,49.155.212.233,16
58,2024-09-01 00:00:00+00:00,56.246.210.228,21
59,2024-09-01 00:00:00+00:00,56.47.83.195,23
60,2024-09-01 00:00:00+00:00,6.195.31.30,22
61,2024-09-01 00:00:00+00:00,64.229.44.251,32
62,2024-09-01 00:00:00+00:00,69.0.187.120,27
63,2024-09-01 00:00:00+00:00,7.98.219.67,22
64,2024-09-01 00:00:00+00:00,70.177.58.114,21
65,2024-09-01 00:00:00+00:00,71.230.8.223,16
66,2024-09-01 00:00:00+00:00,72.60.103.65,19
67,2024-09-01 00:00:00+00:00,78.218.90.128,21
68,2024-09-01 00:00:00+00:00,81.184.211.192,28
69,2024-09-01 00:00:00+00:00,87.111.44.190,23
70,2024-09-01 00:00:00+00:00,89.78.98.130,20
71,2024-09-01 00:00:00+00:00,9.165.239.140,28
72,2024-09-01 00:00:00+00:00,90.193.139.181,25
73,2024-09-01 00:00:00+00:00,98.70.115.205,17
74,2024-09-02 00:00:00+00:00,1.155.23.94,15
75,2024-09-02 00:00:00+00:00,107.45.113.86,14
76,2024-09-02 00:00:00+00:00,110.138.41.179,12
77,2024-09-02 00:00:00+00:00,117.4.43.187,26
78,2024-09-02 00:00:00+00:00,122.92.138.249,16
79,2024-09-02 00:00:00+00:00,124.184.43.232,15
80,2024-09-02 00:00:00+00:00,126.199.31.31,7
81,2024-09-02 00:00:00+00:00,132.252.82.154,11
82,2024-09-02 00:00:00+00:00,134.95.135.76,19
83,2024-09-02 00:00:00+00:00,135.63.186.112,9
84,2024-09-02 00:00:00+00:00,135.82.137.77,5
85,2024-09-02 00:00:00+00:00,137.98.251.120,15
86,2024-09-02 00:00:00+00:00,144.59.159.133,14
87,2024-09-02 00:00:00+00:00,146.151.196.41,12
88,2024-09-02 00:00:00+00:00,147.13.103.137,16
89,2024-09-02 00:00:00+00:00,15.134.97.136,13
90,2024-09-02 00:00:00+00:00,15.3.245.144,12
91,2024-09-02 00:00:00+00:00,162.132.79.231,13
92,2024-09-02 00:00:00+00:00,165.174.63.199,14
93,2024-09-02 00:00:00+00:00,169.80.202.26,10
94,2024-09-02 00:00:00+00:00,17.117.140.46,7
95,2024-09-02 00:00:00+00:00,173.106.155.54,14
96,2024-09-02 00:00:00+00:00,178.232.187.62,9
97,2024-09-02 00:00:00+00:00,184.122.50.5,15
98,2024-09-02 00:00:00+00:00,190.231.51.164,13
99,2024-09-02 00:00:00+00:00,192.233.172.225,20
100,2024-09-02 00:00:00+00:00,193.245.73.170,17
101,2024-09-02 00:00:00+00:00,199.98.214.9,14
102,2024-09-02 00:00:00+00:00,2.71.232.227,14
103,2024-09-02 00:00:00+00:00,203.16.22.161,13
104,2024-09-02 00:00:00+00:00,203.87.162.245,8
105,2024-09-02 00:00:00+00:00,209.131.129.60,15
106,2024-09-02 00:00:00+00:00,21.189.144.182,16
107,2024-09-02 00:00:00+00:00,210.183.72.28,15
108,2024-09-02 00:00:00+00:00,223.148.54.242,12
109,2024-09-02 00:00:00+00:00,24.210.109.206,15
110,2024-09-02 00:00:00+00:00,24.82.25.193,12
111,2024-09-02 00:00:00+00:00,27.31.104.178,16
112,2024-09-02 00:00:00+00:00,29.20.89.98,11
113,2024-09-02 00:00:00+00:00,33.83.135.14,17
114,2024-09-02 00:00:00+00:00,35.113.42.129,10
115,2024-09-02 00:00:00+00:00,4.43.66.123,19
116,2024-09-02 00:00:00+00:00,46.22.207.50,13
117,2024-09-02 00:00:00+00:00,47.116.86.87,17
118,2024-09-02 00:00:00+00:00,48.224.192.251,14
119,2024-09-02 00:00:00+00:00,51.233.160.77,9
120,2024-09-02 00:00:00+00:00,53.1.164.212,16
121,2024-09-02 00:00:00+00:00,54.1.73.85,14
122,2024-09-02 00:00:00+00:00,60.79.42.61,23
123,2024-09-02 00:00:00+00:00,62.224.185.187,10
124,2024-09-02 00:00:00+00:00,67.69.44.165,14
125,2024-09-02 00:00:00+00:00,70.59.106.79,16
126,2024-09-02 00:00:00+00:00,8.19.26.127,14
127,2024-09-02 00:00:00+00:00,83.131.175.98,16
128,2024-09-02 00:00:00+00:00,86.206.217.34,12
129,2024-09-02 00:00:00+00:00,86.25.231.118,16
130,2024-09-02 00:00:00+00:00,90.133.12.28,8
131,2024-09-02 00:00:00+00:00,92.176.210.84,16
132,2024-09-02 00:00:00+00:00,94.132.163.63,14
133,2024-09-02 00:00:00+00:00,96.110.67.194,12
134,2024-09-03 00:00:00+00:00,102.0.97.43,9
135,2024-09-03 00:00:00+00:00,103.34.191.205,11
136,2024-09-03 00:00:00+00:00,106.228.113.37,8
137,2024-09-03 00:00:00+00:00,109.96.148.119,13
138,2024-09-03 00:00:00+00:00,110.121.25.248,11
139,2024-09-03 00:00:00+00:00,110.2.91.16,9
140,2024-09-03 00:00:00+00:00,111.17.124.238,9
141,2024-09-03 00:00:00+00:00,114.149.29.32,4
142,2024-09-03 00:00:00+00:00,114.73.76.10,10
143,2024-09-03 00:00:00+00:00,115.99.155.62,11
144,2024-09-03 00:00:00+00:00,129.196.165.221,6
145,2024-09-03 00:00:00+00:00,129.222.224.88,10
146,2024-09-03 00:00:00+00:00,131.53.252.97,15
147,2024-09-03 00:00:00+00:00,132.31.102.184,10
148,2024-09-03 00:00:00+00:00,133.114.131.79,9
149,2024-09-03 00:00:00+00:00,135.124.138.31,14
150,2024-09-03 00:00:00+00:00,137.213.227.193,9
151,2024-09-03 00:00:00+00:00,138.103.170.29,12
152,2024-09-03 00:00:00+00:00,139.72.15.185,12
153,2024-09-03 00:00:00+00:00,140.251.197.41,9
154,2024-09-03 00:00:00+00:00,143.218.208.145,5
155,2024-09-03 00:00:00+00:00,143.29.136.34,10
156,2024-09-03 00:00:00+00:00,145.228.107.218,9
157,2024-09-03 00:00:00+00:00,146.220.124.67,5
158,2024-09-03 00:00:00+00:00,147.109.38.188,7
159,2024-09-03 00:00:00+00:00,15.155.70.71,12
160,2024-09-03 00:00:00+00:00,152.202.128.15,18
161,2024-09-03 00:00:00+00:00,158.212.50.114,8
162,2024-09-03 00:00:00+00:00,16.39.92.201,9
163,2024-09-03 00:00:00+00:00,163.218.174.98,7
164,2024-09-03 00:00:00+00:00,164.140.56.222,10
165,2024-09-03 00:00:00+00:00,169.192.186.3,14
166,2024-09-03 00:00:00+00:00,174.120.138.88,10
167,2024-09-03 00:00:00+00:00,175.11.249.94,13
168,2024-09-03 00:00:00+00:00,176.103.75.203,13
169,2024-09-03 00:00:00+00:00,176.89.90.187,6
170,2024-09-03 00:00:00+00:00,179.92.200.97,9
171,2024-09-03 00:00:00+00:00,18.86.93.33,7
172,2024-09-03 00:00:00+00:00,180.248.172.124,12
173,2024-09-03 00:00:00+00:00,184.51.191.102,8
174,2024-09-03 00:00:00+00:00,184.60.221.8,17
175,2024-09-03 00:00:00+00:00,189.35.80.78,8
176,2024-09-03 00:00:00+00:00,190.154.183.134,12
177,2024-09-03 00:00:00+00:00,193.225.99.237,4
178,2024-09-03 00:00:00+00:00,193.27.87.71,10
179,2024-09-03 00:00:00+00:00,196.89.142.225,6
180,2024-09-03 00:00:00+00:00,208.24.76.202,16
181,2024-09-03 00:00:00+00:00,212.21.123.70,7
182,2024-09-03 00:00:00+00:00,213.53.254.153,11
183,2024-09-03 00:00:00+00:00,214.45.183.187,12
184,2024-09-03 00:00:00+00:00,219.48.139.213,8
185,2024-09-03 00:00:00+00:00,24.117.58.28,8
186,2024-09-03 00:00:00+00:00,24.227.126.240,11
187,2024-09-03 00:00:00+00:00,24.248.211.108,5
188,2024-09-03 00:00:00+00:00,27.207.169.125,8
189,2024-09-03 00:00:00+00:00,31.249.6.204,12
190,2024-09-03 00:00:00+00:00,31.98.248.64,11
191,2024-09-03 00:00:00+00:00,34.180.28.68,14
192,2024-09-03 00:00:00+00:00,35.83.188.161,13
193,2024-09-03 00:00:00+00:00,38.105.121.63,13
194,2024-09-03 00:00:00+00:00,38.90.227.109,9
195,2024-09-03 00:00:00+00:00,39.231.199.2,5
196,2024-09-03 00:00:00+00:00,40.153.207.144,13
197,2024-09-03 00:00:00+00:00,48.254.103.31,5
198,2024-09-03 00:00:00+00:00,50.78.8.43,10
199,2024-09-03 00:00:00+00:00,51.71.130.211,11
200,2024-09-03 00:00:00+00:00,55.78.27.166,16
201,2024-09-03 00:00:00+00:00,57.117.34.251,14
202,2024-09-03 00:00:00+00:00,59.229.125.64,14
203,2024-09-03 00:00:00+00:00,59.229.171.65,9
204,2024-09-03 00:00:00+00:00,6.246.54.154,14
205,2024-09-03 00:00:00+00:00,61.170.80.237,7
206,2024-09-03 00:00:00+00:00,64.16.245.190,13
207,2024-09-03 00:00:00+00:00,7.84.14.211,7
208,2024-09-03 00:00:00+00:00,78.166.219.47,12
209,2024-09-03 00:00:00+00:00,78.72.179.35,8
210,2024-09-03 00:00:00+00:00,8.135.31.50,3
211,2024-09-03 00:00:00+00:00,8.56.60.117,8
212,2024-09-03 00:00:00+00:00,81.60.20.61,9
213,2024-09-03 00:00:00+00:00,84.254.126.141,13
214,2024-09-03 00:00:00+00:00,85.10.223.206,11
215,2024-09-03 00:00:00+00:00,86.170.80.5,13
216,2024-09-03 00:00:00+00:00,89.76.93.173,12
217,2024-09-03 00:00:00+00:00,90.103.209.6,17
218,2024-09-03 00:00:00+00:00,91.97.0.39,17
219,2024-09-03 00:00:00+00:00,93.58.118.156,5
220,2024-09-03 00:00:00+00:00,94.37.204.173,9
221,2024-09-03 00:00:00+00:00,97.58.226.28,14
222,2024-09-04 00:00:00+00:00,1.132.23.218,26
223,2024-09-04 00:00:00+00:00,1.138.26.7,32
224,2024-09-04 00:00:00+00:00,100.173.97.88,28
225,2024-09-04 00:00:00+00:00,107.202.173.187,28
226,2024-09-04 00:00:00+00:00,111.181.154.250,38
227,2024-09-04 00:00:00+00:00,111.7.58.104,24
228,2024-09-04 00:00:00+00:00,120.152.16.58,41
229,2024-09-04 00:00:00+00:00,121.97.131.231,24
230,2024-09-04 00:00:00+00:00,123.143.62.76,33
231,2024-09-04 00:00:00+00:00,126.72.53.114,19
232,2024-09-04 00:00:00+00:00,129.72.58.121,44
233,2024-09-04 00:00:00+00:00,133.43.178.81,46
234,2024-09-04 00:00:00+00:00,134.110.65.124,37
235,2024-09-04 00:00:00+00:00,137.122.198.37,30
236,2024-09-04 00:00:00+00:00,137.51.185.154,39
237,2024-09-04 00:00:00+00:00,145.79.227.185,39
238,2024-09-04 00:00:00+00:00,15.109.106.86,32
239,2024-09-04 00:00:00+00:00,158.113.112.151,25
240,2024-09-04 00:00:00+00:00,16.171.83.53,27
241,2024-09-04 00:00:00+00:00,161.10.209.48,33
242,2024-09-04 00:00:00+00:00,165.102.222.89,30
243,2024-09-04 00:00:00+00:00,165.108.202.220,28
244,2024-09-04 00:00:00+00:00,17.214.185.220,31
245,2024-09-04 00:00:00+00:00,173.228.220.89,25
246,2024-09-04 00:00:00+00:00,173.239.93.177,27
247,2024-09-04 00:00:00+00:00,177.68.237.202,28
248,2024-09-04 00:00:00+00:00,190.13.160.32,33
249,2024-09-04 00:00:00+00:00,202.35.227.38,16
250,2024-09-04 00:00:00+00:00,205.173.86.35,24
251,2024-09-04 00:00:00+00:00,209.105.240.26,32
252,2024-09-04 00:00:00+00:00,21.126.106.41,29
253,2024-09-04 00:00:00+00:00,211.7.74.172,25
254,2024-09-04 00:00:00+00:00,213.36.0.71,26
255,2024-09-04 00:00:00+00:00,218.80.247.3,34
256,2024-09-04 00:00:00+00:00,26.164.168.117,30
257,2024-09-04 00:00:00+00:00,27.114.248.35,24
258,2024-09-04 00:00:00+00:00,27.247.111.67,27
259,2024-09-04 00:00:00+00:00,29.66.200.105,22
260,2024-09-04 00:00:00+00:00,30.52.198.84,32
261,2024-09-04 00:00:00+00:00,36.0.148.184,34
262,2024-09-04 00:00:00+00:00,39.208.35.232,27
263,2024-09-04 00:00:00+00:00,40.177.122.41,36
264,2024-09-04 00:00:00+00:00,43.168.223.172,26
265,2024-09-04 00:00:00+00:00,44.125.120.179,19
266,2024-09-04 00:00:00+00:00,45.172.221.59,34
267,2024-09-04 00:00:00+00:00,46.14.70.12,29
268,2024-09-04 00:00:00+00:00,49.67.116.46,34
269,2024-09-04 00:00:00+00:00,56.92.13.222,36
270,2024-09-04 00:00:00+00:00,63.152.172.155,20
271,2024-09-04 00:00:00+00:00,74.120.97.232,30
272,2024-09-04 00:00:00+00:00,76.20.31.118,26
273,2024-09-04 00:00:00+00:00,76.41.190.179,27
274,2024-09-04 00:00:00+00:00,77.34.38.162,35
275,2024-09-04 00:00:00+00:00,78.203.180.188,28
276,2024-09-04 00:00:00+00:00,89.104.245.42,23
277,2024-09-04 00:00:00+00:00,93.151.197.102,33
278,2024-09-04 00:00:00+00:00,96.154.173.48,31
